/*
SQLyog Ultimate v12.5.0 (64 bit)
MySQL - 10.4.22-MariaDB : Database - db_project_11
*********************************************************************
*/

/*!40101 SET NAMES utf8 */;

/*!40101 SET SQL_MODE=''*/;

/*!40014 SET @OLD_UNIQUE_CHECKS=@@UNIQUE_CHECKS, UNIQUE_CHECKS=0 */;
/*!40014 SET @OLD_FOREIGN_KEY_CHECKS=@@FOREIGN_KEY_CHECKS, FOREIGN_KEY_CHECKS=0 */;
/*!40101 SET @OLD_SQL_MODE=@@SQL_MODE, SQL_MODE='NO_AUTO_VALUE_ON_ZERO' */;
/*!40111 SET @OLD_SQL_NOTES=@@SQL_NOTES, SQL_NOTES=0 */;
CREATE DATABASE /*!32312 IF NOT EXISTS*/`db_project_11` /*!40100 DEFAULT CHARACTER SET utf8mb4 */;

USE `db_project_11`;

/*Table structure for table `failed_jobs` */

DROP TABLE IF EXISTS `failed_jobs`;

CREATE TABLE `failed_jobs` (
  `id` bigint(20) unsigned NOT NULL AUTO_INCREMENT,
  `uuid` varchar(255) COLLATE utf8mb4_unicode_ci NOT NULL,
  `connection` text COLLATE utf8mb4_unicode_ci NOT NULL,
  `queue` text COLLATE utf8mb4_unicode_ci NOT NULL,
  `payload` longtext COLLATE utf8mb4_unicode_ci NOT NULL,
  `exception` longtext COLLATE utf8mb4_unicode_ci NOT NULL,
  `failed_at` timestamp NOT NULL DEFAULT current_timestamp(),
  PRIMARY KEY (`id`),
  UNIQUE KEY `failed_jobs_uuid_unique` (`uuid`)
) ENGINE=InnoDB DEFAULT CHARSET=utf8mb4 COLLATE=utf8mb4_unicode_ci;

/*Data for the table `failed_jobs` */

/*Table structure for table `migrations` */

DROP TABLE IF EXISTS `migrations`;

CREATE TABLE `migrations` (
  `id` int(10) unsigned NOT NULL AUTO_INCREMENT,
  `migration` varchar(255) COLLATE utf8mb4_unicode_ci NOT NULL,
  `batch` int(11) NOT NULL,
  PRIMARY KEY (`id`)
) ENGINE=InnoDB AUTO_INCREMENT=9 DEFAULT CHARSET=utf8mb4 COLLATE=utf8mb4_unicode_ci;

/*Data for the table `migrations` */

insert  into `migrations`(`id`,`migration`,`batch`) values 
(1,'2014_10_12_000000_create_users_table',1),
(2,'2014_10_12_100000_create_password_resets_table',1),
(3,'2019_08_19_000000_create_failed_jobs_table',1),
(4,'2019_12_14_000001_create_personal_access_tokens_table',1),
(5,'2022_02_24_235513_create_permission_tables',1),
(6,'2022_03_18_011254_create_pintu_masuks_table',1),
(7,'2022_03_18_011611_create_pintu_keluars_table',1),
(8,'2022_03_18_210720_create_ruangans_table',1);

/*Table structure for table `model_has_permissions` */

DROP TABLE IF EXISTS `model_has_permissions`;

CREATE TABLE `model_has_permissions` (
  `permission_id` bigint(20) unsigned NOT NULL,
  `model_type` varchar(255) COLLATE utf8mb4_unicode_ci NOT NULL,
  `model_id` bigint(20) unsigned NOT NULL,
  PRIMARY KEY (`permission_id`,`model_id`,`model_type`),
  KEY `model_has_permissions_model_id_model_type_index` (`model_id`,`model_type`),
  CONSTRAINT `model_has_permissions_permission_id_foreign` FOREIGN KEY (`permission_id`) REFERENCES `permissions` (`id`) ON DELETE CASCADE
) ENGINE=InnoDB DEFAULT CHARSET=utf8mb4 COLLATE=utf8mb4_unicode_ci;

/*Data for the table `model_has_permissions` */

/*Table structure for table `model_has_roles` */

DROP TABLE IF EXISTS `model_has_roles`;

CREATE TABLE `model_has_roles` (
  `role_id` bigint(20) unsigned NOT NULL,
  `model_type` varchar(255) COLLATE utf8mb4_unicode_ci NOT NULL,
  `model_id` bigint(20) unsigned NOT NULL,
  PRIMARY KEY (`role_id`,`model_id`,`model_type`),
  KEY `model_has_roles_model_id_model_type_index` (`model_id`,`model_type`),
  CONSTRAINT `model_has_roles_role_id_foreign` FOREIGN KEY (`role_id`) REFERENCES `roles` (`id`) ON DELETE CASCADE
) ENGINE=InnoDB DEFAULT CHARSET=utf8mb4 COLLATE=utf8mb4_unicode_ci;

/*Data for the table `model_has_roles` */

insert  into `model_has_roles`(`role_id`,`model_type`,`model_id`) values 
(1,'App\\Models\\User',1);

/*Table structure for table `password_resets` */

DROP TABLE IF EXISTS `password_resets`;

CREATE TABLE `password_resets` (
  `email` varchar(255) COLLATE utf8mb4_unicode_ci NOT NULL,
  `token` varchar(255) COLLATE utf8mb4_unicode_ci NOT NULL,
  `created_at` timestamp NULL DEFAULT NULL,
  KEY `password_resets_email_index` (`email`)
) ENGINE=InnoDB DEFAULT CHARSET=utf8mb4 COLLATE=utf8mb4_unicode_ci;

/*Data for the table `password_resets` */

/*Table structure for table `permissions` */

DROP TABLE IF EXISTS `permissions`;

CREATE TABLE `permissions` (
  `id` bigint(20) unsigned NOT NULL AUTO_INCREMENT,
  `name` varchar(255) COLLATE utf8mb4_unicode_ci NOT NULL,
  `guard_name` varchar(255) COLLATE utf8mb4_unicode_ci NOT NULL,
  `created_at` timestamp NULL DEFAULT NULL,
  `updated_at` timestamp NULL DEFAULT NULL,
  PRIMARY KEY (`id`)
) ENGINE=InnoDB AUTO_INCREMENT=14 DEFAULT CHARSET=utf8mb4 COLLATE=utf8mb4_unicode_ci;

/*Data for the table `permissions` */

insert  into `permissions`(`id`,`name`,`guard_name`,`created_at`,`updated_at`) values 
(1,'sensors.index','web','2022-03-19 15:11:46','2022-03-19 15:11:46'),
(2,'sensors.create','web','2022-03-19 15:11:46','2022-03-19 15:11:46'),
(3,'sensors.edit','web','2022-03-19 15:11:46','2022-03-19 15:11:46'),
(4,'sensors.delete','web','2022-03-19 15:11:46','2022-03-19 15:11:46'),
(5,'roles.index','web','2022-03-19 15:11:46','2022-03-19 15:11:46'),
(6,'roles.create','web','2022-03-19 15:11:46','2022-03-19 15:11:46'),
(7,'roles.edit','web','2022-03-19 15:11:46','2022-03-19 15:11:46'),
(8,'roles.delete','web','2022-03-19 15:11:46','2022-03-19 15:11:46'),
(9,'permissions.index','web','2022-03-19 15:11:46','2022-03-19 15:11:46'),
(10,'users.index','web','2022-03-19 15:11:46','2022-03-19 15:11:46'),
(11,'users.create','web','2022-03-19 15:11:46','2022-03-19 15:11:46'),
(12,'users.edit','web','2022-03-19 15:11:46','2022-03-19 15:11:46'),
(13,'users.delete','web','2022-03-19 15:11:46','2022-03-19 15:11:46');

/*Table structure for table `personal_access_tokens` */

DROP TABLE IF EXISTS `personal_access_tokens`;

CREATE TABLE `personal_access_tokens` (
  `id` bigint(20) unsigned NOT NULL AUTO_INCREMENT,
  `tokenable_type` varchar(255) COLLATE utf8mb4_unicode_ci NOT NULL,
  `tokenable_id` bigint(20) unsigned NOT NULL,
  `name` varchar(255) COLLATE utf8mb4_unicode_ci NOT NULL,
  `token` varchar(64) COLLATE utf8mb4_unicode_ci NOT NULL,
  `abilities` text COLLATE utf8mb4_unicode_ci DEFAULT NULL,
  `last_used_at` timestamp NULL DEFAULT NULL,
  `created_at` timestamp NULL DEFAULT NULL,
  `updated_at` timestamp NULL DEFAULT NULL,
  PRIMARY KEY (`id`),
  UNIQUE KEY `personal_access_tokens_token_unique` (`token`),
  KEY `personal_access_tokens_tokenable_type_tokenable_id_index` (`tokenable_type`,`tokenable_id`)
) ENGINE=InnoDB DEFAULT CHARSET=utf8mb4 COLLATE=utf8mb4_unicode_ci;

/*Data for the table `personal_access_tokens` */

/*Table structure for table `pintu_keluars` */

DROP TABLE IF EXISTS `pintu_keluars`;

CREATE TABLE `pintu_keluars` (
  `id` bigint(20) unsigned NOT NULL AUTO_INCREMENT,
  `id_alat` varchar(255) COLLATE utf8mb4_unicode_ci NOT NULL,
  `pintu_keluar` bigint(20) NOT NULL,
  `created_at` timestamp NULL DEFAULT NULL,
  `updated_at` timestamp NULL DEFAULT NULL,
  PRIMARY KEY (`id`)
) ENGINE=InnoDB AUTO_INCREMENT=2 DEFAULT CHARSET=utf8mb4 COLLATE=utf8mb4_unicode_ci;

/*Data for the table `pintu_keluars` */

insert  into `pintu_keluars`(`id`,`id_alat`,`pintu_keluar`,`created_at`,`updated_at`) values 
(1,'PK-01',0,'2022-03-19 15:11:46','2022-03-19 15:11:46');

/*Table structure for table `pintu_masuks` */

DROP TABLE IF EXISTS `pintu_masuks`;

CREATE TABLE `pintu_masuks` (
  `id` bigint(20) unsigned NOT NULL AUTO_INCREMENT,
  `id_alat` varchar(255) COLLATE utf8mb4_unicode_ci NOT NULL,
  `pintu_masuk` bigint(20) NOT NULL,
  `created_at` timestamp NULL DEFAULT NULL,
  `updated_at` timestamp NULL DEFAULT NULL,
  PRIMARY KEY (`id`)
) ENGINE=InnoDB AUTO_INCREMENT=2 DEFAULT CHARSET=utf8mb4 COLLATE=utf8mb4_unicode_ci;

/*Data for the table `pintu_masuks` */

insert  into `pintu_masuks`(`id`,`id_alat`,`pintu_masuk`,`created_at`,`updated_at`) values 
(1,'PM-01',0,'2022-03-19 15:11:46','2022-03-19 15:11:46');

/*Table structure for table `role_has_permissions` */

DROP TABLE IF EXISTS `role_has_permissions`;

CREATE TABLE `role_has_permissions` (
  `permission_id` bigint(20) unsigned NOT NULL,
  `role_id` bigint(20) unsigned NOT NULL,
  PRIMARY KEY (`permission_id`,`role_id`),
  KEY `role_has_permissions_role_id_foreign` (`role_id`),
  CONSTRAINT `role_has_permissions_permission_id_foreign` FOREIGN KEY (`permission_id`) REFERENCES `permissions` (`id`) ON DELETE CASCADE,
  CONSTRAINT `role_has_permissions_role_id_foreign` FOREIGN KEY (`role_id`) REFERENCES `roles` (`id`) ON DELETE CASCADE
) ENGINE=InnoDB DEFAULT CHARSET=utf8mb4 COLLATE=utf8mb4_unicode_ci;

/*Data for the table `role_has_permissions` */

insert  into `role_has_permissions`(`permission_id`,`role_id`) values 
(1,1),
(2,1),
(3,1),
(4,1),
(5,1),
(6,1),
(7,1),
(8,1),
(9,1),
(10,1),
(11,1),
(12,1),
(13,1);

/*Table structure for table `roles` */

DROP TABLE IF EXISTS `roles`;

CREATE TABLE `roles` (
  `id` bigint(20) unsigned NOT NULL AUTO_INCREMENT,
  `name` varchar(255) COLLATE utf8mb4_unicode_ci NOT NULL,
  `guard_name` varchar(255) COLLATE utf8mb4_unicode_ci NOT NULL,
  `created_at` timestamp NULL DEFAULT NULL,
  `updated_at` timestamp NULL DEFAULT NULL,
  PRIMARY KEY (`id`)
) ENGINE=InnoDB AUTO_INCREMENT=2 DEFAULT CHARSET=utf8mb4 COLLATE=utf8mb4_unicode_ci;

/*Data for the table `roles` */

insert  into `roles`(`id`,`name`,`guard_name`,`created_at`,`updated_at`) values 
(1,'admin','web','2022-03-19 15:11:46','2022-03-19 15:11:46');

/*Table structure for table `ruangans` */

DROP TABLE IF EXISTS `ruangans`;

CREATE TABLE `ruangans` (
  `id` bigint(20) unsigned NOT NULL AUTO_INCREMENT,
  `pintu_in` bigint(20) NOT NULL,
  `pintu_out` bigint(20) NOT NULL,
  `total_orang` bigint(20) NOT NULL,
  `kapasitas_orang` bigint(20) NOT NULL,
  `created_at` timestamp NULL DEFAULT NULL,
  `updated_at` timestamp NULL DEFAULT NULL,
  PRIMARY KEY (`id`)
) ENGINE=InnoDB DEFAULT CHARSET=utf8mb4 COLLATE=utf8mb4_unicode_ci;

/*Data for the table `ruangans` */

/*Table structure for table `users` */

DROP TABLE IF EXISTS `users`;

CREATE TABLE `users` (
  `id` bigint(20) unsigned NOT NULL AUTO_INCREMENT,
  `name` varchar(255) COLLATE utf8mb4_unicode_ci NOT NULL,
  `email` varchar(255) COLLATE utf8mb4_unicode_ci NOT NULL,
  `email_verified_at` timestamp NULL DEFAULT NULL,
  `password` varchar(255) COLLATE utf8mb4_unicode_ci NOT NULL,
  `remember_token` varchar(100) COLLATE utf8mb4_unicode_ci DEFAULT NULL,
  `created_at` timestamp NULL DEFAULT NULL,
  `updated_at` timestamp NULL DEFAULT NULL,
  PRIMARY KEY (`id`),
  UNIQUE KEY `users_email_unique` (`email`)
) ENGINE=InnoDB AUTO_INCREMENT=2 DEFAULT CHARSET=utf8mb4 COLLATE=utf8mb4_unicode_ci;

/*Data for the table `users` */

insert  into `users`(`id`,`name`,`email`,`email_verified_at`,`password`,`remember_token`,`created_at`,`updated_at`) values 
(1,'admin','admin@gmail.com',NULL,'$2y$10$UwbG9kz5G0kZdpuMBmcZVe8R.bO/Iq/62/CP4iTsA1WBA/MIgJ2D6',NULL,'2022-03-19 15:11:46','2022-03-19 15:11:46');

/*!40101 SET SQL_MODE=@OLD_SQL_MODE */;
/*!40014 SET FOREIGN_KEY_CHECKS=@OLD_FOREIGN_KEY_CHECKS */;
/*!40014 SET UNIQUE_CHECKS=@OLD_UNIQUE_CHECKS */;
/*!40111 SET SQL_NOTES=@OLD_SQL_NOTES */;
